Workbook
Name 주말배율: '설정'!$B$2
Name 코인가치: '설정'!$B$3
Name 기본값: '설정'!$B$4
Name 지수: '설정'!$B$5
Name 성장률: '설정'!$B$6
Name 성공확률: '설정'!$B$7
Name 천장: '설정'!$B$8
Name 교체비용: '설정'!$B$9

Sheet 아이템
A1: item_id | B1: 아이템명 | C1: 분류 | D1: 등급 | E1: 획득처 | F1: 판매가 | G1: 거래가능 | H1: 필요코인
A2: IT001 | B2: 예시 주문서 A | C2: 소비 | D2: 레어 | E2: 사냥 | F2: 1500 | G2: 가능 | H2: =ROUNDUP(F2/코인가치,0) -> 5
A3: IT002 | B3: 예시 주문서 B | C3: 소비 | D3: 에픽 | E3: 이벤트 | F3: 4800 | G3: 불가 | H3: =ROUNDUP(F3/코인가치,0) -> 14
A4: IT003 | B4: 경험치 쿠폰(소) | C4: 소비 | D4: 일반 | E4: 출석 | F4: 300 | G4: 불가 | H4: =ROUNDUP(F4/코인가치,0) -> 1
A5: IT004 | B5: 경험치 쿠폰(대) | C5: 소비 | D5: 레어 | E5: 출석 | F5: 1200 | G5: 불가 | H5: =ROUNDUP(F5/코인가치,0) -> 4
A6: IT005 | B6: 코인 교환권 | C6: 기타 | D6: 일반 | E6: 이벤트 | F6: 100 | G6: 불가 | H6: =ROUNDUP(F6/코인가치,0) -> 1
A7: IT006 | B7: 예시 망토 | C7: 장비 | D7: 레어 | E7: 사냥 | F7: 8200 | G7: 가능 | H7: =ROUNDUP(F7/코인가치,0) -> 24
A8: IT007 | B8: 예시 반지 | C8: 장비 | D8: 에픽 | E8: 보스 | F8: 25000 | G8: 가능 | H8: =ROUNDUP(F8/코인가치,0) -> 72
A9: IT008 | B9: 예시 목걸이 | C9: 장비 | D9: 유니크 | E9: 보스 | F9: 62000 | G9: 가능 | H9: =ROUNDUP(F9/코인가치,0) -> 178
A10: IT009 | B10: 회복 물약(소) | C10: 소비 | D10: 일반 | E10: 상점 | F10: 50 | G10: 가능 | H10: =ROUNDUP(F10/코인가치,0) -> 1
A11: IT010 | B11: 회복 물약(대) | C11: 소비 | D11: 일반 | E11: 상점 | F11: 180 | G11: 가능 | H11: =ROUNDUP(F11/코인가치,0) -> 1
A12: IT011 | B12: 예시 강화석 | C12: 기타 | D12: 레어 | E12: 사냥 | F12: 2600 | G12: 가능 | H12: =ROUNDUP(F12/코인가치,0) -> 8
A13: IT012 | B13: 예시 큐브 조각 | C13: 기타 | D13: 에픽 | E13: 이벤트 | F13: 9000 | G13: 불가 | H13: =ROUNDUP(F13/코인가치,0) -> 26
... A21: IT020 | B21: 예시 무기 상자 | C21: 장비 | D21: 유니크 | E21: 보스 | F21: 88000 | G21: 가능 | H21: =ROUNDUP(F21/코인가치,0) -> 252

Sheet 단축키연습
A1: 번호 | B1: 값
A2: 1 | B2: 10
A3: 2 | B3: 20
A4: 3 | B4: 30
A5: 4 | B5: 40
A6: 5 | B6: 50
A7: 6 | B7: 60
A8: 7 | B8: 70
A9: 8 | B9: 80
A10: 9 | B10: 90
A11: 10 | B11: 100
A13: 11 | B13: 110
A14: 12 | B14: 120
... A32: 30 | B32: 300

Sheet 드롭
A1: drop_id | B1: 몬스터 | C1: item_id | D1: 드롭확률 | E1: 최소수량 | F1: 최대수량 | G1: 평균수량 | H1: 기대드롭
A2: DR001 | B2: 예시 몬스터 1 | C2: IT009 | D2: 0.3 | E2: 1 | F2: 3 | G2: =(E2+F2)/2 -> 2 | H2: =D2*G2 -> 0.6
A3: DR002 | B3: 예시 몬스터 1 | C3: IT003 | D3: 0.1 | E3: 1 | F3: 1 | G3: =(E3+F3)/2 -> 1 | H3: =D3*G3 -> 0.1
A4: DR003 | B4: 예시 몬스터 1 | C4: IT013 | D4: 0.05 | E4: 1 | F4: 1 | G4: =(E4+F4)/2 -> 1 | H4: =D4*G4 -> 0.05
A5: DR004 | B5: 예시 몬스터 1 | C5: IT001 | D5: 0.02 | E5: 1 | F5: 1 | G5: =(E5+F5)/2 -> 1 | H5: =D5*G5 -> 0.02
A6: DR005 | B6: 예시 몬스터 2 | C6: IT010 | D6: 0.25 | E6: 1 | F6: 2 | G6: =(E6+F6)/2 -> 1.5 | H6: =D6*G6 -> 0.375
A7: DR006 | B7: 예시 몬스터 2 | C7: IT011 | D7: 0.08 | E7: 1 | F7: 2 | G7: =(E7+F7)/2 -> 1.5 | H7: =D7*G7 -> 0.12
A8: DR007 | B8: 예시 몬스터 2 | C8: IT014 | D8: 0.04 | E8: 1 | F8: 1 | G8: =(E8+F8)/2 -> 1 | H8: =D8*G8 -> 0.04
A9: DR008 | B9: 예시 몬스터 2 | C9: IT016 | D9: 0.15 | E9: 1 | F9: 3 | G9: =(E9+F9)/2 -> 2 | H9: =D9*G9 -> 0.3
A10: DR009 | B10: 예시 몬스터 3 | C10: IT009 | D10: 0.2 | E10: 2 | F10: 4 | G10: =(E10+F10)/2 -> 3 | H10: =D10*G10 -> 0.6
A11: DR010 | B11: 예시 몬스터 3 | C11: IT006 | D11: 0.03 | E11: 1 | F11: 1 | G11: =(E11+F11)/2 -> 1 | H11: =D11*G11 -> 0.03
A12: DR011 | B12: 예시 몬스터 3 | C12: IT011 | D12: 0.12 | E12: 1 | F12: 3 | G12: =(E12+F12)/2 -> 2 | H12: =D12*G12 -> 0.24
A13: DR012 | B13: 예시 몬스터 3 | C13: IT004 | D13: 0.05 | E13: 1 | F13: 1 | G13: =(E13+F13)/2 -> 1 | H13: =D13*G13 -> 0.05
... A21: DR020 | B21: 예시 몬스터 5 | C21: IT003 | D21: 0.25 | E21: 1 | F21: 2 | G21: =(E21+F21)/2 -> 1.5 | H21: =D21*G21 -> 0.375
G22: 합계 | H22: =SUBTOTAL(109,H2:H21) -> 4.38

Sheet 출석
A1: 일차 | B1: item_id | C1: 수량 | D1: 주말여부 | E1: 보너스수량 | F1: 보상구분 | H1: 주말 보너스 배율 | I1: 2
A2: 1 | B2: IT009 | C2: 10 | D2: =IF(OR(MOD(A2,7)=6,MOD(A2,7)=0),"주말","평일") -> 평일 | E2: =IF(D2="주말",C2*$I$1,C2) -> 10 | F2: =_xlfn.IFS(A2=14,"최종",MOD(A2,7)=0,"주간",AND(A2>=1,A2<=3),"초반",TRUE,"일반") -> 초반
A3: 2 | B3: IT003 | C3: 2 | D3: =IF(OR(MOD(A3,7)=6,MOD(A3,7)=0),"주말","평일") -> 평일 | E3: =IF(D3="주말",C3*$I$1,C3) -> 2 | F3: =_xlfn.IFS(A3=14,"최종",MOD(A3,7)=0,"주간",AND(A3>=1,A3<=3),"초반",TRUE,"일반") -> 초반
A4: 3 | B4: IT016 | C4: 3 | D4: =IF(OR(MOD(A4,7)=6,MOD(A4,7)=0),"주말","평일") -> 평일 | E4: =IF(D4="주말",C4*$I$1,C4) -> 3 | F4: =_xlfn.IFS(A4=14,"최종",MOD(A4,7)=0,"주간",AND(A4>=1,A4<=3),"초반",TRUE,"일반") -> 초반
A5: 4 | B5: IT010 | C5: 5 | D5: =IF(OR(MOD(A5,7)=6,MOD(A5,7)=0),"주말","평일") -> 평일 | E5: =IF(D5="주말",C5*$I$1,C5) -> 5 | F5: =_xlfn.IFS(A5=14,"최종",MOD(A5,7)=0,"주간",AND(A5>=1,A5<=3),"초반",TRUE,"일반") -> 일반
A6: 5 | B6: IT017 | C6: 3 | D6: =IF(OR(MOD(A6,7)=6,MOD(A6,7)=0),"주말","평일") -> 평일 | E6: =IF(D6="주말",C6*$I$1,C6) -> 3 | F6: =_xlfn.IFS(A6=14,"최종",MOD(A6,7)=0,"주간",AND(A6>=1,A6<=3),"초반",TRUE,"일반") -> 일반
A7: 6 | B7: IT003 | C7: 3 | D7: =IF(OR(MOD(A7,7)=6,MOD(A7,7)=0),"주말","평일") -> 주말 | E7: =IF(D7="주말",C7*$I$1,C7) -> 6 | F7: =_xlfn.IFS(A7=14,"최종",MOD(A7,7)=0,"주간",AND(A7>=1,A7<=3),"초반",TRUE,"일반") -> 일반
A8: 7 | B8: IT002 | C8: 1 | D8: =IF(OR(MOD(A8,7)=6,MOD(A8,7)=0),"주말","평일") -> 주말 | E8: =IF(D8="주말",C8*$I$1,C8) -> 2 | F8: =_xlfn.IFS(A8=14,"최종",MOD(A8,7)=0,"주간",AND(A8>=1,A8<=3),"초반",TRUE,"일반") -> 주간
A9: 8 | B9: IT009 | C9: 15 | D9: =IF(OR(MOD(A9,7)=6,MOD(A9,7)=0),"주말","평일") -> 평일 | E9: =IF(D9="주말",C9*$I$1,C9) -> 15 | F9: =_xlfn.IFS(A9=14,"최종",MOD(A9,7)=0,"주간",AND(A9>=1,A9<=3),"초반",TRUE,"일반") -> 일반
A10: 9 | B10: IT004 | C10: 1 | D10: =IF(OR(MOD(A10,7)=6,MOD(A10,7)=0),"주말","평일") -> 평일 | E10: =IF(D10="주말",C10*$I$1,C10) -> 1 | F10: =_xlfn.IFS(A10=14,"최종",MOD(A10,7)=0,"주간",AND(A10>=1,A10<=3),"초반",TRUE,"일반") -> 일반
A11: 10 | B11: IT016 | C11: 5 | D11: =IF(OR(MOD(A11,7)=6,MOD(A11,7)=0),"주말","평일") -> 평일 | E11: =IF(D11="주말",C11*$I$1,C11) -> 5 | F11: =_xlfn.IFS(A11=14,"최종",MOD(A11,7)=0,"주간",AND(A11>=1,A11<=3),"초반",TRUE,"일반") -> 일반
A12: 11 | B12: IT010 | C12: 8 | D12: =IF(OR(MOD(A12,7)=6,MOD(A12,7)=0),"주말","평일") -> 평일 | E12: =IF(D12="주말",C12*$I$1,C12) -> 8 | F12: =_xlfn.IFS(A12=14,"최종",MOD(A12,7)=0,"주간",AND(A12>=1,A12<=3),"초반",TRUE,"일반") -> 일반
A13: 12 | B13: IT017 | C13: 5 | D13: =IF(OR(MOD(A13,7)=6,MOD(A13,7)=0),"주말","평일") -> 평일 | E13: =IF(D13="주말",C13*$I$1,C13) -> 5 | F13: =_xlfn.IFS(A13=14,"최종",MOD(A13,7)=0,"주간",AND(A13>=1,A13<=3),"초반",TRUE,"일반") -> 일반
... A15: 14 | B15: IT012 | C15: 1 | D15: =IF(OR(MOD(A15,7)=6,MOD(A15,7)=0),"주말","평일") -> 주말 | E15: =IF(D15="주말",C15*$I$1,C15) -> 2 | F15: =_xlfn.IFS(A15=14,"최종",MOD(A15,7)=0,"주간",AND(A15>=1,A15<=3),"초반",TRUE,"일반") -> 최종

Sheet 배율표
A1: 레벨 × 이벤트 배율 보상 (=레벨×배율×10, 반올림)
A2: 레벨＼배율 | B2: 1 | C2: 1.2 | D2: 1.5 | E2: 2 | F2: 3
A3: 100 | B3: =ROUND($A3*B$2*10,0) -> 1000 | C3: =ROUND($A3*C$2*10,0) -> 1200 | D3: =ROUND($A3*D$2*10,0) -> 1500 | E3: =ROUND($A3*E$2*10,0) -> 2000 | F3: =ROUND($A3*F$2*10,0) -> 3000
A4: 110 | B4: =ROUND($A4*B$2*10,0) -> 1100 | C4: =ROUND($A4*C$2*10,0) -> 1320 | D4: =ROUND($A4*D$2*10,0) -> 1650 | E4: =ROUND($A4*E$2*10,0) -> 2200 | F4: =ROUND($A4*F$2*10,0) -> 3300
A5: 120 | B5: =ROUND($A5*B$2*10,0) -> 1200 | C5: =ROUND($A5*C$2*10,0) -> 1440 | D5: =ROUND($A5*D$2*10,0) -> 1800 | E5: =ROUND($A5*E$2*10,0) -> 2400 | F5: =ROUND($A5*F$2*10,0) -> 3600
A6: 130 | B6: =ROUND($A6*B$2*10,0) -> 1300 | C6: =ROUND($A6*C$2*10,0) -> 1560 | D6: =ROUND($A6*D$2*10,0) -> 1950 | E6: =ROUND($A6*E$2*10,0) -> 2600 | F6: =ROUND($A6*F$2*10,0) -> 3900
A7: 140 | B7: =ROUND($A7*B$2*10,0) -> 1400 | C7: =ROUND($A7*C$2*10,0) -> 1680 | D7: =ROUND($A7*D$2*10,0) -> 2100 | E7: =ROUND($A7*E$2*10,0) -> 2800 | F7: =ROUND($A7*F$2*10,0) -> 4200
A8: 150 | B8: =ROUND($A8*B$2*10,0) -> 1500 | C8: =ROUND($A8*C$2*10,0) -> 1800 | D8: =ROUND($A8*D$2*10,0) -> 2250 | E8: =ROUND($A8*E$2*10,0) -> 3000 | F8: =ROUND($A8*F$2*10,0) -> 4500
A9: 160 | B9: =ROUND($A9*B$2*10,0) -> 1600 | C9: =ROUND($A9*C$2*10,0) -> 1920 | D9: =ROUND($A9*D$2*10,0) -> 2400 | E9: =ROUND($A9*E$2*10,0) -> 3200 | F9: =ROUND($A9*F$2*10,0) -> 4800
A10: 170 | B10: =ROUND($A10*B$2*10,0) -> 1700 | C10: =ROUND($A10*C$2*10,0) -> 2040 | D10: =ROUND($A10*D$2*10,0) -> 2550 | E10: =ROUND($A10*E$2*10,0) -> 3400 | F10: =ROUND($A10*F$2*10,0) -> 5100
A11: 180 | B11: =ROUND($A11*B$2*10,0) -> 1800 | C11: =ROUND($A11*C$2*10,0) -> 2160 | D11: =ROUND($A11*D$2*10,0) -> 2700 | E11: =ROUND($A11*E$2*10,0) -> 3600 | F11: =ROUND($A11*F$2*10,0) -> 5400
A12: 190 | B12: =ROUND($A12*B$2*10,0) -> 1900 | C12: =ROUND($A12*C$2*10,0) -> 2280 | D12: =ROUND($A12*D$2*10,0) -> 2850 | E12: =ROUND($A12*E$2*10,0) -> 3800 | F12: =ROUND($A12*F$2*10,0) -> 5700

Sheet 로그
A1: 로그번호 | B1: 날짜 | C1: 캐릭터ID | D1: item_id | E1: 수량 | F1: 획득처 | G1: 아이템명 | H1: 판매가 | I1: 메소환산 | J1: 요일 | K1: 주말여부
A2: 1 | B2: 46296 | C2: 1 | D2: IT002 | E2: 3 | F2: 코인샵 | G2: =_xlfn.XLOOKUP(D2,아이템!$A:$A,아이템!$B:$B,"없음") -> 예시 주문서 B | H2: =_xlfn.XLOOKUP(D2,아이템!$A:$A,아이템!$F:$F,0) -> 4800 | I2: =E2*H2 -> 14400 | J2: =TEXT(B2,"aaa") -> 목 | K2: =IF(WEEKDAY(B2,2)>=6,"주말","평일") -> 평일
A3: 2 | B3: 46297 | C3: 9 | D3: IT005 | E3: 2 | F3: 코인샵 | G3: =_xlfn.XLOOKUP(D3,아이템!$A:$A,아이템!$B:$B,"없음") -> 코인 교환권 | H3: =_xlfn.XLOOKUP(D3,아이템!$A:$A,아이템!$F:$F,0) -> 100 | I3: =E3*H3 -> 200 | J3: =TEXT(B3,"aaa") -> 금 | K3: =IF(WEEKDAY(B3,2)>=6,"주말","평일") -> 평일
A4: 3 | B4: 46298 | C4: 5 | D4: IT007 | E4: 4 | F4: 코인샵 | G4: =_xlfn.XLOOKUP(D4,아이템!$A:$A,아이템!$B:$B,"없음") -> 예시 반지 | H4: =_xlfn.XLOOKUP(D4,아이템!$A:$A,아이템!$F:$F,0) -> 25000 | I4: =E4*H4 -> 100000 | J4: =TEXT(B4,"aaa") -> 토 | K4: =IF(WEEKDAY(B4,2)>=6,"주말","평일") -> 주말
A5: 4 | B5: 46299 | C5: 2 | D5: IT013 | E5: 3 | F5: 코인샵 | G5: =_xlfn.XLOOKUP(D5,아이템!$A:$A,아이템!$B:$B,"없음") -> 예시 모자 | H5: =_xlfn.XLOOKUP(D5,아이템!$A:$A,아이템!$F:$F,0) -> 3400 | I5: =E5*H5 -> 10200 | J5: =TEXT(B5,"aaa") -> 일 | K5: =IF(WEEKDAY(B5,2)>=6,"주말","평일") -> 주말
A6: 5 | B6: 46300 | C6: 3 | D6: IT020 | E6: 4 | F6: 보스 | G6: =_xlfn.XLOOKUP(D6,아이템!$A:$A,아이템!$B:$B,"없음") -> 예시 무기 상자 | H6: =_xlfn.XLOOKUP(D6,아이템!$A:$A,아이템!$F:$F,0) -> 88000 | I6: =E6*H6 -> 352000 | J6: =TEXT(B6,"aaa") -> 월 | K6: =IF(WEEKDAY(B6,2)>=6,"주말","평일") -> 평일
A7: 6 | B7: 46301 | C7: 5 | D7: IT020 | E7: 2 | F7: 사냥 | G7: =_xlfn.XLOOKUP(D7,아이템!$A:$A,아이템!$B:$B,"없음") -> 예시 무기 상자 | H7: =_xlfn.XLOOKUP(D7,아이템!$A:$A,아이템!$F:$F,0) -> 88000 | I7: =E7*H7 -> 176000 | J7: =TEXT(B7,"aaa") -> 화 | K7: =IF(WEEKDAY(B7,2)>=6,"주말","평일") -> 평일
A8: 7 | B8: 46302 | C8: 8 | D8: IT007 | E8: 3 | F8: 사냥 | G8: =_xlfn.XLOOKUP(D8,아이템!$A:$A,아이템!$B:$B,"없음") -> 예시 반지 | H8: =_xlfn.XLOOKUP(D8,아이템!$A:$A,아이템!$F:$F,0) -> 25000 | I8: =E8*H8 -> 75000 | J8: =TEXT(B8,"aaa") -> 수 | K8: =IF(WEEKDAY(B8,2)>=6,"주말","평일") -> 평일
A9: 8 | B9: 46303 | C9: 2 | D9: IT007 | E9: 4 | F9: 코인샵 | G9: =_xlfn.XLOOKUP(D9,아이템!$A:$A,아이템!$B:$B,"없음") -> 예시 반지 | H9: =_xlfn.XLOOKUP(D9,아이템!$A:$A,아이템!$F:$F,0) -> 25000 | I9: =E9*H9 -> 100000 | J9: =TEXT(B9,"aaa") -> 목 | K9: =IF(WEEKDAY(B9,2)>=6,"주말","평일") -> 평일
A10: 9 | B10: 46304 | C10: 5 | D10: IT011 | E10: 3 | F10: 출석 | G10: =_xlfn.XLOOKUP(D10,아이템!$A:$A,아이템!$B:$B,"없음") -> 예시 강화석 | H10: =_xlfn.XLOOKUP(D10,아이템!$A:$A,아이템!$F:$F,0) -> 2600 | I10: =E10*H10 -> 7800 | J10: =TEXT(B10,"aaa") -> 금 | K10: =IF(WEEKDAY(B10,2)>=6,"주말","평일") -> 평일
A11: 10 | B11: 46305 | C11: 8 | D11: IT009 | E11: 3 | F11: 코인샵 | G11: =_xlfn.XLOOKUP(D11,아이템!$A:$A,아이템!$B:$B,"없음") -> 회복 물약(소) | H11: =_xlfn.XLOOKUP(D11,아이템!$A:$A,아이템!$F:$F,0) -> 50 | I11: =E11*H11 -> 150 | J11: =TEXT(B11,"aaa") -> 토 | K11: =IF(WEEKDAY(B11,2)>=6,"주말","평일") -> 주말
A12: 11 | B12: 46306 | C12: 4 | D12: IT015 | E12: 2 | F12: 보스 | G12: =_xlfn.XLOOKUP(D12,아이템!$A:$A,아이템!$B:$B,"없음") -> 예시 장갑 | H12: =_xlfn.XLOOKUP(D12,아이템!$A:$A,아이템!$F:$F,0) -> 18000 | I12: =E12*H12 -> 36000 | J12: =TEXT(B12,"aaa") -> 일 | K12: =IF(WEEKDAY(B12,2)>=6,"주말","평일") -> 주말
A13: 12 | B13: 46307 | C13: 5 | D13: IT017 | E13: 4 | F13: 출석 | G13: =_xlfn.XLOOKUP(D13,아이템!$A:$A,아이템!$B:$B,"없음") -> 예시 펫 간식 | H13: =_xlfn.XLOOKUP(D13,아이템!$A:$A,아이템!$F:$F,0) -> 250 | I13: =E13*H13 -> 1000 | J13: =TEXT(B13,"aaa") -> 월 | K13: =IF(WEEKDAY(B13,2)>=6,"주말","평일") -> 평일
... A61: 60 | B61: 46299 | C61: 3 | D61: IT001 | E61: 5 | F61: 출석 | G61: =_xlfn.XLOOKUP(D61,아이템!$A:$A,아이템!$B:$B,"없음") -> 예시 주문서 A | H61: =_xlfn.XLOOKUP(D61,아이템!$A:$A,아이템!$F:$F,0) -> 1500 | I61: =E61*H61 -> 7500 | J61: =TEXT(B61,"aaa") -> 일 | K61: =IF(WEEKDAY(B61,2)>=6,"주말","평일") -> 주말

Sheet 집계
A1: item_id | B1: 획득횟수 | C1: 수량합계 | D1: 출석 | E1: 사냥 | F1: 코인샵 | G1: 보스 | I1: 로그 전체 수량 | J1: =SUM(로그!$E:$E) -> 177
A2: IT001 | B2: =COUNTIF(로그!$D:$D,A2) -> 3 | C2: =SUMIF(로그!$D:$D,A2,로그!$E:$E) -> 8 | D2: =SUMIFS(로그!$E:$E,로그!$D:$D,$A2,로그!$F:$F,D$1) -> 5 | E2: =SUMIFS(로그!$E:$E,로그!$D:$D,$A2,로그!$F:$F,E$1) -> 0 | F2: =SUMIFS(로그!$E:$E,로그!$D:$D,$A2,로그!$F:$F,F$1) -> 2 | G2: =SUMIFS(로그!$E:$E,로그!$D:$D,$A2,로그!$F:$F,G$1) -> 1 | I2: 집계 합계 | J2: =SUM(C2:C21) -> 177
A3: IT002 | B3: =COUNTIF(로그!$D:$D,A3) -> 2 | C3: =SUMIF(로그!$D:$D,A3,로그!$E:$E) -> 5 | D3: =SUMIFS(로그!$E:$E,로그!$D:$D,$A3,로그!$F:$F,D$1) -> 0 | E3: =SUMIFS(로그!$E:$E,로그!$D:$D,$A3,로그!$F:$F,E$1) -> 0 | F3: =SUMIFS(로그!$E:$E,로그!$D:$D,$A3,로그!$F:$F,F$1) -> 5 | G3: =SUMIFS(로그!$E:$E,로그!$D:$D,$A3,로그!$F:$F,G$1) -> 0 | I3: 검산 | J3: =IF(J1=J2,"OK","확인 필요") -> OK
A4: IT003 | B4: =COUNTIF(로그!$D:$D,A4) -> 2 | C4: =SUMIF(로그!$D:$D,A4,로그!$E:$E) -> 6 | D4: =SUMIFS(로그!$E:$E,로그!$D:$D,$A4,로그!$F:$F,D$1) -> 2 | E4: =SUMIFS(로그!$E:$E,로그!$D:$D,$A4,로그!$F:$F,E$1) -> 0 | F4: =SUMIFS(로그!$E:$E,로그!$D:$D,$A4,로그!$F:$F,F$1) -> 0 | G4: =SUMIFS(로그!$E:$E,로그!$D:$D,$A4,로그!$F:$F,G$1) -> 4
A5: IT004 | B5: =COUNTIF(로그!$D:$D,A5) -> 2 | C5: =SUMIF(로그!$D:$D,A5,로그!$E:$E) -> 4 | D5: =SUMIFS(로그!$E:$E,로그!$D:$D,$A5,로그!$F:$F,D$1) -> 3 | E5: =SUMIFS(로그!$E:$E,로그!$D:$D,$A5,로그!$F:$F,E$1) -> 0 | F5: =SUMIFS(로그!$E:$E,로그!$D:$D,$A5,로그!$F:$F,F$1) -> 0 | G5: =SUMIFS(로그!$E:$E,로그!$D:$D,$A5,로그!$F:$F,G$1) -> 1
A6: IT005 | B6: =COUNTIF(로그!$D:$D,A6) -> 3 | C6: =SUMIF(로그!$D:$D,A6,로그!$E:$E) -> 7 | D6: =SUMIFS(로그!$E:$E,로그!$D:$D,$A6,로그!$F:$F,D$1) -> 0 | E6: =SUMIFS(로그!$E:$E,로그!$D:$D,$A6,로그!$F:$F,E$1) -> 2 | F6: =SUMIFS(로그!$E:$E,로그!$D:$D,$A6,로그!$F:$F,F$1) -> 5 | G6: =SUMIFS(로그!$E:$E,로그!$D:$D,$A6,로그!$F:$F,G$1) -> 0
A7: IT006 | B7: =COUNTIF(로그!$D:$D,A7) -> 6 | C7: =SUMIF(로그!$D:$D,A7,로그!$E:$E) -> 18 | D7: =SUMIFS(로그!$E:$E,로그!$D:$D,$A7,로그!$F:$F,D$1) -> 3 | E7: =SUMIFS(로그!$E:$E,로그!$D:$D,$A7,로그!$F:$F,E$1) -> 6 | F7: =SUMIFS(로그!$E:$E,로그!$D:$D,$A7,로그!$F:$F,F$1) -> 4 | G7: =SUMIFS(로그!$E:$E,로그!$D:$D,$A7,로그!$F:$F,G$1) -> 5
A8: IT007 | B8: =COUNTIF(로그!$D:$D,A8) -> 5 | C8: =SUMIF(로그!$D:$D,A8,로그!$E:$E) -> 14 | D8: =SUMIFS(로그!$E:$E,로그!$D:$D,$A8,로그!$F:$F,D$1) -> 0 | E8: =SUMIFS(로그!$E:$E,로그!$D:$D,$A8,로그!$F:$F,E$1) -> 3 | F8: =SUMIFS(로그!$E:$E,로그!$D:$D,$A8,로그!$F:$F,F$1) -> 9 | G8: =SUMIFS(로그!$E:$E,로그!$D:$D,$A8,로그!$F:$F,G$1) -> 2
A9: IT008 | B9: =COUNTIF(로그!$D:$D,A9) -> 2 | C9: =SUMIF(로그!$D:$D,A9,로그!$E:$E) -> 6 | D9: =SUMIFS(로그!$E:$E,로그!$D:$D,$A9,로그!$F:$F,D$1) -> 3 | E9: =SUMIFS(로그!$E:$E,로그!$D:$D,$A9,로그!$F:$F,E$1) -> 0 | F9: =SUMIFS(로그!$E:$E,로그!$D:$D,$A9,로그!$F:$F,F$1) -> 0 | G9: =SUMIFS(로그!$E:$E,로그!$D:$D,$A9,로그!$F:$F,G$1) -> 3
A10: IT009 | B10: =COUNTIF(로그!$D:$D,A10) -> 4 | C10: =SUMIF(로그!$D:$D,A10,로그!$E:$E) -> 15 | D10: =SUMIFS(로그!$E:$E,로그!$D:$D,$A10,로그!$F:$F,D$1) -> 0 | E10: =SUMIFS(로그!$E:$E,로그!$D:$D,$A10,로그!$F:$F,E$1) -> 7 | F10: =SUMIFS(로그!$E:$E,로그!$D:$D,$A10,로그!$F:$F,F$1) -> 3 | G10: =SUMIFS(로그!$E:$E,로그!$D:$D,$A10,로그!$F:$F,G$1) -> 5
A11: IT010 | B11: =COUNTIF(로그!$D:$D,A11) -> 5 | C11: =SUMIF(로그!$D:$D,A11,로그!$E:$E) -> 22 | D11: =SUMIFS(로그!$E:$E,로그!$D:$D,$A11,로그!$F:$F,D$1) -> 5 | E11: =SUMIFS(로그!$E:$E,로그!$D:$D,$A11,로그!$F:$F,E$1) -> 5 | F11: =SUMIFS(로그!$E:$E,로그!$D:$D,$A11,로그!$F:$F,F$1) -> 0 | G11: =SUMIFS(로그!$E:$E,로그!$D:$D,$A11,로그!$F:$F,G$1) -> 12
A12: IT011 | B12: =COUNTIF(로그!$D:$D,A12) -> 5 | C12: =SUMIF(로그!$D:$D,A12,로그!$E:$E) -> 18 | D12: =SUMIFS(로그!$E:$E,로그!$D:$D,$A12,로그!$F:$F,D$1) -> 3 | E12: =SUMIFS(로그!$E:$E,로그!$D:$D,$A12,로그!$F:$F,E$1) -> 11 | F12: =SUMIFS(로그!$E:$E,로그!$D:$D,$A12,로그!$F:$F,F$1) -> 0 | G12: =SUMIFS(로그!$E:$E,로그!$D:$D,$A12,로그!$F:$F,G$1) -> 4
A13: IT012 | B13: =COUNTIF(로그!$D:$D,A13) -> 1 | C13: =SUMIF(로그!$D:$D,A13,로그!$E:$E) -> 3 | D13: =SUMIFS(로그!$E:$E,로그!$D:$D,$A13,로그!$F:$F,D$1) -> 0 | E13: =SUMIFS(로그!$E:$E,로그!$D:$D,$A13,로그!$F:$F,E$1) -> 0 | F13: =SUMIFS(로그!$E:$E,로그!$D:$D,$A13,로그!$F:$F,F$1) -> 0 | G13: =SUMIFS(로그!$E:$E,로그!$D:$D,$A13,로그!$F:$F,G$1) -> 3
A14: IT013 | B14: =COUNTIF(로그!$D:$D,A14) -> 2 | C14: =SUMIF(로그!$D:$D,A14,로그!$E:$E) -> 6 | D14: =SUMIFS(로그!$E:$E,로그!$D:$D,$A14,로그!$F:$F,D$1) -> 0 | E14: =SUMIFS(로그!$E:$E,로그!$D:$D,$A14,로그!$F:$F,E$1) -> 0 | F14: =SUMIFS(로그!$E:$E,로그!$D:$D,$A14,로그!$F:$F,F$1) -> 6 | G14: =SUMIFS(로그!$E:$E,로그!$D:$D,$A14,로그!$F:$F,G$1) -> 0
A15: IT014 | B15: =COUNTIF(로그!$D:$D,A15) -> 0 | C15: =SUMIF(로그!$D:$D,A15,로그!$E:$E) -> 0 | D15: =SUMIFS(로그!$E:$E,로그!$D:$D,$A15,로그!$F:$F,D$1) -> 0 | E15: =SUMIFS(로그!$E:$E,로그!$D:$D,$A15,로그!$F:$F,E$1) -> 0 | F15: =SUMIFS(로그!$E:$E,로그!$D:$D,$A15,로그!$F:$F,F$1) -> 0 | G15: =SUMIFS(로그!$E:$E,로그!$D:$D,$A15,로그!$F:$F,G$1) -> 0
... A21: IT020 | B21: =COUNTIF(로그!$D:$D,A21) -> 5 | C21: =SUMIF(로그!$D:$D,A21,로그!$E:$E) -> 16 | D21: =SUMIFS(로그!$E:$E,로그!$D:$D,$A21,로그!$F:$F,D$1) -> 1 | E21: =SUMIFS(로그!$E:$E,로그!$D:$D,$A21,로그!$F:$F,E$1) -> 7 | F21: =SUMIFS(로그!$E:$E,로그!$D:$D,$A21,로그!$F:$F,F$1) -> 0 | G21: =SUMIFS(로그!$E:$E,로그!$D:$D,$A21,로그!$F:$F,G$1) -> 8

Sheet 레벨구간
A1: 하한레벨 | B1: 등급 | D1: 레벨 | E1: 판정등급
A2: 1 | B2: D | D2: 59 | E2: =_xlfn.XLOOKUP(D2,$A$2:$A$6,$B$2:$B$6,"",-1) -> D
A3: 60 | B3: C | D3: 60 | E3: =_xlfn.XLOOKUP(D3,$A$2:$A$6,$B$2:$B$6,"",-1) -> C
A4: 100 | B4: B | D4: 139 | E4: =_xlfn.XLOOKUP(D4,$A$2:$A$6,$B$2:$B$6,"",-1) -> B
A5: 140 | B5: A | D5: 250 | E5: =_xlfn.XLOOKUP(D5,$A$2:$A$6,$B$2:$B$6,"",-1) -> S
A6: 200 | B6: S

Sheet 설정
A1: 이름 | B1: 값 | C1: 설명
A2: 주말배율 | B2: 2 | C2: 출석 주말 보너스 배율
A3: 코인가치 | B3: 350 | C3: 코인 1개의 메소 가치
A4: 기본값 | B4: 100 | C4: 성장 곡선 기본값
A5: 지수 | B5: 2 | C5: 다항 곡선의 지수
A6: 성장률 | B6: 1.2 | C6: 지수 곡선의 레벨당 배율
A7: 성공확률 | B7: 0.03 | C7: 1회 시도 성공 확률
A8: 천장 | B8: 100 | C8: 이 횟수째에는 반드시 성공
A9: 교체비용 | B9: 300000 | C9: 스타포스 파괴 시 장비 교체 비용(메소)

Sheet 보상그룹
A1: group_id | B1: 그룹명 | C1: 보상수 | D1: 총가치
A2: RG001 | B2: 출석 7일차 | C2: =COUNTIF(보상!$B:$B,A2) -> 3 | D2: =SUMIF(보상!$B:$B,A2,보상!$E:$E) -> 8300
A3: RG002 | B3: 출석 14일차 | C3: =COUNTIF(보상!$B:$B,A3) -> 2 | D3: =SUMIF(보상!$B:$B,A3,보상!$E:$E) -> 12600
A4: RG003 | B4: 코인샵 | C4: =COUNTIF(보상!$B:$B,A4) -> 3 | D4: =SUMIF(보상!$B:$B,A4,보상!$E:$E) -> 14000
A5: RG004 | B5: 보스 처치 | C5: =COUNTIF(보상!$B:$B,A5) -> 3 | D5: =SUMIF(보상!$B:$B,A5,보상!$E:$E) -> 56000
A6: RG005 | B6: 이벤트 상자 | C6: =COUNTIF(보상!$B:$B,A6) -> 1 | D6: =SUMIF(보상!$B:$B,A6,보상!$E:$E) -> 1500

Sheet 보상
A1: reward_id | B1: group_id | C1: item_id | D1: 수량 | E1: 가치 | F1: 검사
A2: RW001 | B2: RG001 | C2: IT002 | D2: 1 | E2: =D2*_xlfn.XLOOKUP(C2,아이템!$A:$A,아이템!$F:$F,0) -> 4800 | F2: =IF(COUNTIF(아이템!$A:$A,C2)=0,"없는 아이템",IF(COUNTIF(보상그룹!$A:$A,B2)=0,"없는 그룹",""))
A3: RW002 | B3: RG001 | C3: IT009 | D3: 20 | E3: =D3*_xlfn.XLOOKUP(C3,아이템!$A:$A,아이템!$F:$F,0) -> 1000 | F3: =IF(COUNTIF(아이템!$A:$A,C3)=0,"없는 아이템",IF(COUNTIF(보상그룹!$A:$A,B3)=0,"없는 그룹",""))
A4: RW003 | B4: RG002 | C4: IT012 | D4: 1 | E4: =D4*_xlfn.XLOOKUP(C4,아이템!$A:$A,아이템!$F:$F,0) -> 9000 | F4: =IF(COUNTIF(아이템!$A:$A,C4)=0,"없는 아이템",IF(COUNTIF(보상그룹!$A:$A,B4)=0,"없는 그룹",""))
A5: RW004 | B5: RG002 | C5: IT004 | D5: 3 | E5: =D5*_xlfn.XLOOKUP(C5,아이템!$A:$A,아이템!$F:$F,0) -> 3600 | F5: =IF(COUNTIF(아이템!$A:$A,C5)=0,"없는 아이템",IF(COUNTIF(보상그룹!$A:$A,B5)=0,"없는 그룹",""))
A6: RW005 | B6: RG003 | C6: IT001 | D6: 2 | E6: =D6*_xlfn.XLOOKUP(C6,아이템!$A:$A,아이템!$F:$F,0) -> 3000 | F6: =IF(COUNTIF(아이템!$A:$A,C6)=0,"없는 아이템",IF(COUNTIF(보상그룹!$A:$A,B6)=0,"없는 그룹",""))
A7: RW006 | B7: RG003 | C7: IT018 | D7: 1 | E7: =D7*_xlfn.XLOOKUP(C7,아이템!$A:$A,아이템!$F:$F,0) -> 7000 | F7: =IF(COUNTIF(아이템!$A:$A,C7)=0,"없는 아이템",IF(COUNTIF(보상그룹!$A:$A,B7)=0,"없는 그룹",""))
A8: RW007 | B8: RG003 | C8: IT016 | D8: 10 | E8: =D8*_xlfn.XLOOKUP(C8,아이템!$A:$A,아이템!$F:$F,0) -> 4000 | F8: =IF(COUNTIF(아이템!$A:$A,C8)=0,"없는 아이템",IF(COUNTIF(보상그룹!$A:$A,B8)=0,"없는 그룹",""))
A9: RW008 | B9: RG004 | C9: IT007 | D9: 1 | E9: =D9*_xlfn.XLOOKUP(C9,아이템!$A:$A,아이템!$F:$F,0) -> 25000 | F9: =IF(COUNTIF(아이템!$A:$A,C9)=0,"없는 아이템",IF(COUNTIF(보상그룹!$A:$A,B9)=0,"없는 그룹",""))
A10: RW009 | B10: RG004 | C10: IT011 | D10: 5 | E10: =D10*_xlfn.XLOOKUP(C10,아이템!$A:$A,아이템!$F:$F,0) -> 13000 | F10: =IF(COUNTIF(아이템!$A:$A,C10)=0,"없는 아이템",IF(COUNTIF(보상그룹!$A:$A,B10)=0,"없는 그룹",""))
A11: RW010 | B11: RG004 | C11: IT015 | D11: 1 | E11: =D11*_xlfn.XLOOKUP(C11,아이템!$A:$A,아이템!$F:$F,0) -> 18000 | F11: =IF(COUNTIF(아이템!$A:$A,C11)=0,"없는 아이템",IF(COUNTIF(보상그룹!$A:$A,B11)=0,"없는 그룹",""))
A12: RW011 | B12: RG005 | C12: IT003 | D12: 5 | E12: =D12*_xlfn.XLOOKUP(C12,아이템!$A:$A,아이템!$F:$F,0) -> 1500 | F12: =IF(COUNTIF(아이템!$A:$A,C12)=0,"없는 아이템",IF(COUNTIF(보상그룹!$A:$A,B12)=0,"없는 그룹",""))
A13: RW012 | B13: RG001 | C13: IT017 | D13: 10 | E13: =D13*_xlfn.XLOOKUP(C13,아이템!$A:$A,아이템!$F:$F,0) -> 2500 | F13: =IF(COUNTIF(아이템!$A:$A,C13)=0,"없는 아이템",IF(COUNTIF(보상그룹!$A:$A,B13)=0,"없는 그룹",""))

Sheet 곡선
A1: 레벨 | B1: 선형 | C1: 다항 | D1: 지수
A2: 1 | B2: =기본값*A2*10 -> 1000 | C2: =ROUND(기본값*A2^지수,0) -> 100 | D2: =ROUND(기본값*성장률^A2,0) -> 120
A3: 2 | B3: =기본값*A3*10 -> 2000 | C3: =ROUND(기본값*A3^지수,0) -> 400 | D3: =ROUND(기본값*성장률^A3,0) -> 144
A4: 3 | B4: =기본값*A4*10 -> 3000 | C4: =ROUND(기본값*A4^지수,0) -> 900 | D4: =ROUND(기본값*성장률^A4,0) -> 173
A5: 4 | B5: =기본값*A5*10 -> 4000 | C5: =ROUND(기본값*A5^지수,0) -> 1600 | D5: =ROUND(기본값*성장률^A5,0) -> 207
A6: 5 | B6: =기본값*A6*10 -> 5000 | C6: =ROUND(기본값*A6^지수,0) -> 2500 | D6: =ROUND(기본값*성장률^A6,0) -> 249
A7: 6 | B7: =기본값*A7*10 -> 6000 | C7: =ROUND(기본값*A7^지수,0) -> 3600 | D7: =ROUND(기본값*성장률^A7,0) -> 299
A8: 7 | B8: =기본값*A8*10 -> 7000 | C8: =ROUND(기본값*A8^지수,0) -> 4900 | D8: =ROUND(기본값*성장률^A8,0) -> 358
A9: 8 | B9: =기본값*A9*10 -> 8000 | C9: =ROUND(기본값*A9^지수,0) -> 6400 | D9: =ROUND(기본값*성장률^A9,0) -> 430
A10: 9 | B10: =기본값*A10*10 -> 9000 | C10: =ROUND(기본값*A10^지수,0) -> 8100 | D10: =ROUND(기본값*성장률^A10,0) -> 516
A11: 10 | B11: =기본값*A11*10 -> 10000 | C11: =ROUND(기본값*A11^지수,0) -> 10000 | D11: =ROUND(기본값*성장률^A11,0) -> 619
A12: 11 | B12: =기본값*A12*10 -> 11000 | C12: =ROUND(기본값*A12^지수,0) -> 12100 | D12: =ROUND(기본값*성장률^A12,0) -> 743
A13: 12 | B13: =기본값*A13*10 -> 12000 | C13: =ROUND(기본값*A13^지수,0) -> 14400 | D13: =ROUND(기본값*성장률^A13,0) -> 892
... A51: 50 | B51: =기본값*A51*10 -> 50000 | C51: =ROUND(기본값*A51^지수,0) -> 250000 | D51: =ROUND(기본값*성장률^A51,0) -> 910044

Sheet 확률
A1: 모든 확률·비용은 학습용 가정 수치예요. 실제 값은 공식 확률 공개 페이지에서 직접 확인해요.
A3: 결과 | B3: item_id | C3: 확률 | D3: 가치 | E3: 누적하한 | G3: 확률 합 | H3: =SUM(C4:C9) -> 1 | J3: 시도 횟수 | K3: 누적확률 | M3: 목표 확률 | N3: 필요 횟수
A4: 회복 물약(소) | B4: IT009 | C4: 0.4 | D4: =_xlfn.XLOOKUP(B4,아이템!$A:$A,아이템!$F:$F,0) -> 50 | E4: 0 | G4: 검증 | H4: =IF(ABS(H3-1)<0.000000001,"OK","확률 합 오류") -> OK | J4: 1 | K4: =1-(1-성공확률)^J4 -> 0.03 | M4: 0.5 | N4: =ROUNDUP(LN(1-M4)/LN(1-성공확률),0) -> 23
A5: 이동 주문서 | B5: IT016 | C5: 0.25 | D5: =_xlfn.XLOOKUP(B5,아이템!$A:$A,아이템!$F:$F,0) -> 400 | E5: =E4+C4 -> 0.4 | G5: 기대값 | H5: =SUMPRODUCT(C4:C9,D4:D9) -> 3420 | J5: 2 | K5: =1-(1-성공확률)^J5 -> 0.0591 | M5: 0.9 | N5: =ROUNDUP(LN(1-M5)/LN(1-성공확률),0) -> 76
A6: 예시 강화석 | B6: IT011 | C6: 0.2 | D6: =_xlfn.XLOOKUP(B6,아이템!$A:$A,아이템!$F:$F,0) -> 2600 | E6: =E5+C5 -> 0.65 | J6: 3 | K6: =1-(1-성공확률)^J6 -> 0.087327 | M6: 0.99 | N6: =ROUNDUP(LN(1-M6)/LN(1-성공확률),0) -> 152
A7: 예시 큐브 조각 | B7: IT012 | C7: 0.1 | D7: =_xlfn.XLOOKUP(B7,아이템!$A:$A,아이템!$F:$F,0) -> 9000 | E7: =E6+C6 -> 0.85 | J7: 4 | K7: =1-(1-성공확률)^J7 -> 0.114707
A8: 예시 반지 | B8: IT007 | C8: 0.04 | D8: =_xlfn.XLOOKUP(B8,아이템!$A:$A,아이템!$F:$F,0) -> 25000 | E8: =E7+C7 -> 0.95 | J8: 5 | K8: =1-(1-성공확률)^J8 -> 0.141266 | M8: 천장 없는 기대 시도 | N8: =1/성공확률 -> 33.3333
A9: 예시 무기 상자 | B9: IT020 | C9: 0.01 | D9: =_xlfn.XLOOKUP(B9,아이템!$A:$A,아이템!$F:$F,0) -> 88000 | E9: =E8+C8 -> 0.99 | J9: 6 | K9: =1-(1-성공확률)^J9 -> 0.167028 | M9: 천장 있는 기대 시도 | N9: =(1-(1-성공확률)^천장)/성공확률 -> 31.7482
J10: 7 | K10: =1-(1-성공확률)^J10 -> 0.192017 | M10: 천장 도달 확률 | N10: =(1-성공확률)^(천장-1) -> 0.049
J11: 8 | K11: =1-(1-성공확률)^J11 -> 0.216257
J12: 9 | K12: =1-(1-성공확률)^J12 -> 0.239769
J13: 10 | K13: =1-(1-성공확률)^J13 -> 0.262576
J14: 11 | K14: =1-(1-성공확률)^J14 -> 0.284699
J15: 12 | K15: =1-(1-성공확률)^J15 -> 0.306158
J16: 13 | K16: =1-(1-성공확률)^J16 -> 0.326973
J17: 14 | K17: =1-(1-성공확률)^J17 -> 0.347164
J18: 15 | K18: =1-(1-성공확률)^J18 -> 0.366749
J19: 16 | K19: =1-(1-성공확률)^J19 -> 0.385746
J20: 17 | K20: =1-(1-성공확률)^J20 -> 0.404174
J21: 18 | K21: =1-(1-성공확률)^J21 -> 0.422049
J22: 19 | K22: =1-(1-성공확률)^J22 -> 0.439387
... J203: 200 | K203: =1-(1-성공확률)^J203 -> 0.997739

Sheet 시뮬
A1: 회차 | B1: 난수 | C1: 결과 | D1: 성공까지 시도 | F1: 결과 | G1: 비율
A2: 1 | B2: =RAND() -> 0.083192 | C2: =_xlfn.XLOOKUP(B2,확률!$E$4:$E$9,확률!$A$4:$A$9,,-1) -> 회복 물약(소) | D2: =MIN(천장,ROUNDUP(LN(RAND())/LN(1-성공확률),0)) -> 50 | F2: 회복 물약(소) | G2: =COUNTIF($C$2:$C$1001,F2)/1000 -> 0.421
A3: 2 | B3: =RAND() -> 0.494209 | C3: =_xlfn.XLOOKUP(B3,확률!$E$4:$E$9,확률!$A$4:$A$9,,-1) -> 이동 주문서 | D3: =MIN(천장,ROUNDUP(LN(RAND())/LN(1-성공확률),0)) -> 52 | F3: 이동 주문서 | G3: =COUNTIF($C$2:$C$1001,F3)/1000 -> 0.237
A4: 3 | B4: =RAND() -> 0.234231 | C4: =_xlfn.XLOOKUP(B4,확률!$E$4:$E$9,확률!$A$4:$A$9,,-1) -> 회복 물약(소) | D4: =MIN(천장,ROUNDUP(LN(RAND())/LN(1-성공확률),0)) -> 29 | F4: 예시 강화석 | G4: =COUNTIF($C$2:$C$1001,F4)/1000 -> 0.197
A5: 4 | B5: =RAND() -> 0.56455 | C5: =_xlfn.XLOOKUP(B5,확률!$E$4:$E$9,확률!$A$4:$A$9,,-1) -> 이동 주문서 | D5: =MIN(천장,ROUNDUP(LN(RAND())/LN(1-성공확률),0)) -> 25 | F5: 예시 큐브 조각 | G5: =COUNTIF($C$2:$C$1001,F5)/1000 -> 0.101
A6: 5 | B6: =RAND() -> 0.146291 | C6: =_xlfn.XLOOKUP(B6,확률!$E$4:$E$9,확률!$A$4:$A$9,,-1) -> 회복 물약(소) | D6: =MIN(천장,ROUNDUP(LN(RAND())/LN(1-성공확률),0)) -> 6 | F6: 예시 반지 | G6: =COUNTIF($C$2:$C$1001,F6)/1000 -> 0.04
A7: 6 | B7: =RAND() -> 0.686761 | C7: =_xlfn.XLOOKUP(B7,확률!$E$4:$E$9,확률!$A$4:$A$9,,-1) -> 예시 강화석 | D7: =MIN(천장,ROUNDUP(LN(RAND())/LN(1-성공확률),0)) -> 40 | F7: 예시 무기 상자 | G7: =COUNTIF($C$2:$C$1001,F7)/1000 -> 0.004
A8: 7 | B8: =RAND() -> 0.601064 | C8: =_xlfn.XLOOKUP(B8,확률!$E$4:$E$9,확률!$A$4:$A$9,,-1) -> 이동 주문서 | D8: =MIN(천장,ROUNDUP(LN(RAND())/LN(1-성공확률),0)) -> 25
A9: 8 | B9: =RAND() -> 0.978679 | C9: =_xlfn.XLOOKUP(B9,확률!$E$4:$E$9,확률!$A$4:$A$9,,-1) -> 예시 반지 | D9: =MIN(천장,ROUNDUP(LN(RAND())/LN(1-성공확률),0)) -> 6 | F9: 평균 시도 | G9: =AVERAGE(D2:D1001) -> 31.45
A10: 9 | B10: =RAND() -> 0.471025 | C10: =_xlfn.XLOOKUP(B10,확률!$E$4:$E$9,확률!$A$4:$A$9,,-1) -> 이동 주문서 | D10: =MIN(천장,ROUNDUP(LN(RAND())/LN(1-성공확률),0)) -> 5 | F10: 90백분위 | G10: =_xlfn.PERCENTILE.INC(D2:D1001,0.9) -> 73
A11: 10 | B11: =RAND() -> 0.588813 | C11: =_xlfn.XLOOKUP(B11,확률!$E$4:$E$9,확률!$A$4:$A$9,,-1) -> 이동 주문서 | D11: =MIN(천장,ROUNDUP(LN(RAND())/LN(1-성공확률),0)) -> 36
A12: 11 | B12: =RAND() -> 0.122772 | C12: =_xlfn.XLOOKUP(B12,확률!$E$4:$E$9,확률!$A$4:$A$9,,-1) -> 회복 물약(소) | D12: =MIN(천장,ROUNDUP(LN(RAND())/LN(1-성공확률),0)) -> 75
A13: 12 | B13: =RAND() -> 0.315162 | C13: =_xlfn.XLOOKUP(B13,확률!$E$4:$E$9,확률!$A$4:$A$9,,-1) -> 회복 물약(소) | D13: =MIN(천장,ROUNDUP(LN(RAND())/LN(1-성공확률),0)) -> 49
A14: 13 | B14: =RAND() -> 0.077937 | C14: =_xlfn.XLOOKUP(B14,확률!$E$4:$E$9,확률!$A$4:$A$9,,-1) -> 회복 물약(소) | D14: =MIN(천장,ROUNDUP(LN(RAND())/LN(1-성공확률),0)) -> 5
A15: 14 | B15: =RAND() -> 0.052178 | C15: =_xlfn.XLOOKUP(B15,확률!$E$4:$E$9,확률!$A$4:$A$9,,-1) -> 회복 물약(소) | D15: =MIN(천장,ROUNDUP(LN(RAND())/LN(1-성공확률),0)) -> 34
A16: 15 | B16: =RAND() -> 0.030995 | C16: =_xlfn.XLOOKUP(B16,확률!$E$4:$E$9,확률!$A$4:$A$9,,-1) -> 회복 물약(소) | D16: =MIN(천장,ROUNDUP(LN(RAND())/LN(1-성공확률),0)) -> 3
A17: 16 | B17: =RAND() -> 0.552469 | C17: =_xlfn.XLOOKUP(B17,확률!$E$4:$E$9,확률!$A$4:$A$9,,-1) -> 이동 주문서 | D17: =MIN(천장,ROUNDUP(LN(RAND())/LN(1-성공확률),0)) -> 100
A18: 17 | B18: =RAND() -> 0.85215 | C18: =_xlfn.XLOOKUP(B18,확률!$E$4:$E$9,확률!$A$4:$A$9,,-1) -> 예시 큐브 조각 | D18: =MIN(천장,ROUNDUP(LN(RAND())/LN(1-성공확률),0)) -> 55
A19: 18 | B19: =RAND() -> 0.082139 | C19: =_xlfn.XLOOKUP(B19,확률!$E$4:$E$9,확률!$A$4:$A$9,,-1) -> 회복 물약(소) | D19: =MIN(천장,ROUNDUP(LN(RAND())/LN(1-성공확률),0)) -> 11
A20: 19 | B20: =RAND() -> 0.168987 | C20: =_xlfn.XLOOKUP(B20,확률!$E$4:$E$9,확률!$A$4:$A$9,,-1) -> 회복 물약(소) | D20: =MIN(천장,ROUNDUP(LN(RAND())/LN(1-성공확률),0)) -> 41
A21: 20 | B21: =RAND() -> 0.379828 | C21: =_xlfn.XLOOKUP(B21,확률!$E$4:$E$9,확률!$A$4:$A$9,,-1) -> 회복 물약(소) | D21: =MIN(천장,ROUNDUP(LN(RAND())/LN(1-성공확률),0)) -> 6
A22: 21 | B22: =RAND() -> 0.856785 | C22: =_xlfn.XLOOKUP(B22,확률!$E$4:$E$9,확률!$A$4:$A$9,,-1) -> 예시 큐브 조각 | D22: =MIN(천장,ROUNDUP(LN(RAND())/LN(1-성공확률),0)) -> 6
... A1001: 1000 | B1001: =RAND() -> 0.325336 | C1001: =_xlfn.XLOOKUP(B1001,확률!$E$4:$E$9,확률!$A$4:$A$9,,-1) -> 회복 물약(소) | D1001: =MIN(천장,ROUNDUP(LN(RAND())/LN(1-성공확률),0)) -> 11

Sheet 스타포스
A1: 모든 확률·비용은 학습용 가정 수치예요. 실제 값은 공식 확률 공개 페이지에서 직접 확인해요. 파괴되면 교체비용을 내고 같은 단계에서 다시 시도한다고 가정해요.
A3: 단계 | B3: 성공확률 | C3: 파괴확률 | D3: 1회비용 | E3: 실패확률 | F3: 기대시도 | G3: 기대파괴 | H3: 단계비용 | I3: 누적비용
A4: 10 | B4: 0.5 | C4: 0 | D4: 20000 | E4: =1-B4-C4 -> 0.5 | F4: =1/B4 -> 2 | G4: =F4*C4 -> 0 | H4: =ROUND(F4*D4+G4*교체비용,0) -> 40000 | I4: =SUM($H$4:H4) -> 40000
A5: 11 | B5: 0.45 | C5: 0 | D5: 25000 | E5: =1-B5-C5 -> 0.55 | F5: =1/B5 -> 2.2222 | G5: =F5*C5 -> 0 | H5: =ROUND(F5*D5+G5*교체비용,0) -> 55556 | I5: =SUM($H$4:H5) -> 95556
A6: 12 | B6: 0.4 | C6: 0.02 | D6: 30000 | E6: =1-B6-C6 -> 0.58 | F6: =1/B6 -> 2.5 | G6: =F6*C6 -> 0.05 | H6: =ROUND(F6*D6+G6*교체비용,0) -> 90000 | I6: =SUM($H$4:H6) -> 185556
A7: 13 | B7: 0.35 | C7: 0.03 | D7: 35000 | E7: =1-B7-C7 -> 0.62 | F7: =1/B7 -> 2.8571 | G7: =F7*C7 -> 0.0857 | H7: =ROUND(F7*D7+G7*교체비용,0) -> 125714 | I7: =SUM($H$4:H7) -> 311270
A8: 14 | B8: 0.3 | C8: 0.04 | D8: 40000 | E8: =1-B8-C8 -> 0.66 | F8: =1/B8 -> 3.3333 | G8: =F8*C8 -> 0.1333 | H8: =ROUND(F8*D8+G8*교체비용,0) -> 173333 | I8: =SUM($H$4:H8) -> 484603

Sheet 안내
A1: 엑셀 6일차 정답 파일
A2: 막히면 같은 위치의 셀을 열어 수식 입력줄에서 수식을 확인하세요.
A3: 모든 이름과 수치는 학습용 가정 값이에요.
